run,experiment,group,formulation,fields,architecture,activation,interior_per_layer,seed,gradient_routing,parameter_count,training_time_s,training_time_h,epochs_adam,epochs_lbfgs,u_rel_L2,u_RMSE,u_MAE,u_max_abs,u_nRMSE,v_rel_L2,v_RMSE,v_MAE,v_max_abs,v_nRMSE,phi_rel_L2,phi_RMSE,phi_MAE,phi_max_abs,phi_nRMSE
paper20k_direct_mixed,direct_mixed,baseline,direct,8 (mixed),3x50,silu,2048,20260728,,5759,3893.1572856903076,1.0814325793584187,20000,0,0.11695230440568287,7.695827510417528e-08,6.217846634559433e-08,1.9459139614403364e-07,0.02589230498054838,0.15272268236096967,1.4763989995161859e-05,1.2368949729597e-05,2.282854827597046e-05,0.07438339031707765,0.06731223754536902,0.11687099441378881,0.09304538273329689,0.3583707964062839,0.03766047052642851
paper20k_indirect_mixed,indirect_mixed,baseline,indirect,8 (mixed),3x50,silu,2048,20260728,True,5758,4149.354896068573,1.1525985822412703,20000,0,0.10690503782571233,1.2311440813498213e-08,9.854085419533393e-09,3.013411375271854e-08,0.018719202329399706,0.1497687297264755,2.210862581918279e-06,1.8209636980065745e-06,3.6095632153071174e-06,0.06721347831794147,0.045018664912335346,2.6324808147428547,2.201730732111795,5.231569632381952,0.026324808147428543
paper20k_direct_three_field,direct_three_field,mixed_vs_three_field,direct,"3 (u,v,phi)",3x50,silu,2048,20260728,,5504,8160.111727237701,2.2666977020104726,20000,0,0.999498878176482,6.577015307556664e-07,5.19005596050235e-07,1.4911358351589598e-06,0.22128105908620246,0.9995068284484172,9.662421185367859e-05,7.455880038821222e-05,0.0001983748312738313,0.48680854340509744,0.9130798277327326,1.585336505481194,1.42014794156968,2.8382310194601743,0.510858310384168
paper20k_indirect_three_field,indirect_three_field,mixed_vs_three_field,indirect,"3 (u,v,phi)",3x50,silu,2048,20260728,,5503,8112.310081481934,2.2534194670783148,20000,0,0.7265462980312224,8.367081597277407e-08,6.527886684828423e-08,2.0710074339605372e-07,0.12721914168998769,0.8057751272714472,1.189472649983999e-05,9.103379357197998e-06,2.4989790768455715e-05,0.3616172023686593,0.001864086569233275,0.1090030577335454,0.07971158413017508,0.4266027504133021,0.0010900305773354538
paper20k_indirect_arch_2x50,indirect_arch_2x50,architecture,indirect,8 (mixed),2x50,silu,2048,20260728,True,3208,3501.167174100876,0.9725464372502433,20000,0,0.14198702465446297,1.6351566641489888e-08,1.3251382549303373e-08,3.598128069324159e-08,0.024862100951589524,0.1955626261351449,2.8868649238962894e-06,2.342957182357876e-06,4.993232334638769e-06,0.08776494502918013,0.047277109492756764,2.7645440831826593,2.2121221105255686,6.504211663818904,0.02764544083182659
paper20k_indirect_arch_4x50,indirect_arch_4x50,architecture,indirect,8 (mixed),4x50,silu,2048,20260728,True,8308,4581.7358474731445,1.2727044020758735,20000,0,0.1100833732390339,1.2677465550240252e-08,1.0202500727963001e-08,3.058918640697937e-08,0.019275732731359428,0.15756833045193877,2.3259990688826946e-06,1.911607252251202e-06,3.883982988449241e-06,0.07071379707745121,0.045778602350734506,2.676918399262214,2.242698201126539,5.9892380581177775,0.026769183992622136
paper20k_indirect_arch_3x100,indirect_arch_3x100,architecture,indirect,8 (mixed),3x100,silu,2048,20260728,True,21508,4084.736043691635,1.1346489010254541,20000,0,0.16479759935663074,1.8978487187792465e-08,1.502315339130251e-08,4.566883957597521e-08,0.02885626036431895,0.19637183692590132,2.898810367123558e-06,2.350024881101936e-06,5.114617439634484e-06,0.08812810409475062,0.043874573481969506,2.5655797028015153,2.0939506565934787,6.004010393400577,0.02565579702801515
paper20k_indirect_tanh_3x50,indirect_tanh_3x50,activation,indirect,8 (mixed),3x50,tanh,2048,20260728,True,5758,3566.150770664215,0.9905974362956153,20000,0,0.3279079068936674,3.776266179879226e-08,2.892599708169226e-08,1.0402090488530118e-07,0.05741707387597213,0.34202409863136873,5.0489062914496205e-06,3.8107760525333355e-06,1.0907368308615586e-05,0.1534941865338472,0.01245253152481464,0.7281657596441283,0.6039274045547239,1.544288125355063,0.007281657596441282
paper20k_indirect_routing_off,indirect_routing_off,gradient_routing,indirect,8 (mixed),3x50,silu,2048,20260728,False,5758,3960.8307073116302,1.1002307520310084,20000,0,1.3415116257768633,1.5449169952399824e-07,1.182029252588477e-07,4.396061130591379e-07,0.23490031958175137,1.4109516488608267,2.0828247732749924e-05,1.6013479286127256e-05,4.3314666676775565e-05,0.6332094038025775,0.01564577882561109,0.91489191583835,0.7320176650523917,2.8278155853533065,0.009148919158383497
paper20k_indirect_interior_512,indirect_interior_512,collocation_sensitivity,indirect,8 (mixed),3x50,silu,512,20260728,True,5758,3971.546847820282,1.1032074577278561,20000,0,0.11220062252282784,1.2921293060851554e-08,1.0416513390563845e-08,3.091987176657813e-08,0.019646465659677825,0.15523081093954433,2.2914929711552523e-06,1.8836703048996887e-06,3.7777254175964057e-06,0.06966476089111896,0.04600594207746558,2.6902121624205355,2.239631718008807,5.509707441755026,0.02690212162420535
paper20k_indirect_interior_1024,indirect_interior_1024,collocation_sensitivity,indirect,8 (mixed),3x50,silu,1024,20260728,True,5758,3914.8862953186035,1.0874684153662788,20000,0,0.11404029644175477,1.3133154326042159e-08,1.0541220713990906e-08,3.2665142519281086e-08,0.019968594803532164,0.15128654830757943,2.233268382603319e-06,1.8403205210498892e-06,3.627124525141691e-06,0.06789464765467762,0.04606366296952035,2.693587410025944,2.2792306733268295,5.594816085533122,0.026935874100259435
paper20k_direct_force_0p05N,direct_force_0p05N,force_sweep,direct,8 (mixed),3x50,silu,2048,20260728,,5759,3803.587502479553,1.056552084022098,20000,0,0.11695230440568287,3.847913755208764e-08,3.108923317279716e-08,9.729569807201682e-08,0.02589230498054838,0.15272268236096967,7.381994997580929e-06,6.1844748647985e-06,1.141427413798523e-05,0.07438339031707765,0.06731223754536902,0.05843549720689441,0.046522691366648446,0.17918539820314194,0.03766047052642851
paper20k_direct_force_0p2N,direct_force_0p2N,force_sweep,direct,8 (mixed),3x50,silu,2048,20260728,,5759,3824.1611676216125,1.0622669910060034,20000,0,0.11695230440568287,1.5391655020835057e-07,1.2435693269118865e-07,3.891827922880673e-07,0.02589230498054838,0.15272268236096967,2.9527979990323717e-05,2.4737899459194e-05,4.565709655194092e-05,0.07438339031707765,0.06731223754536902,0.23374198882757763,0.18609076546659378,0.7167415928125678,0.03766047052642851
paper20k_indirect_voltage_200V,indirect_voltage_200V,voltage_sweep,indirect,8 (mixed),3x50,silu,2048,20260728,True,5758,4292.087233066559,1.1922464536295996,20000,0,0.10690503782571233,2.4622881626996426e-08,1.9708170839066786e-08,6.026822750543708e-08,0.018719202329399706,0.1497687297264755,4.421725163836558e-06,3.641927396013149e-06,7.219126430614235e-06,0.06721347831794147,0.045018664912335346,5.264961629485709,4.40346146422359,10.463139264763903,0.026324808147428543
paper20k_indirect_voltage_300V,indirect_voltage_300V,voltage_sweep,indirect,8 (mixed),3x50,silu,2048,20260728,True,5758,4139.579217433929,1.1498831159538694,20000,0,0.10511770229568815,3.631599909176706e-08,2.9042014328453474e-08,8.898910287529143e-08,0.018406129850162527,0.1470949013030409,6.513992267945206e-06,5.3729030291184005e-06,1.0549569446707816e-05,0.0660133089580438,0.04512662487834562,7.916381372140227,6.621995124250671,15.7311684398613,0.026387937907134087
paper20k_indirect_voltage_400V,indirect_voltage_400V,voltage_sweep,indirect,8 (mixed),3x50,silu,2048,20260728,True,5758,4255.736812353134,1.1821491145425373,20000,0,0.10690503782571233,4.924576325399285e-08,3.941634167813357e-08,1.2053645501087415e-07,0.018719202329399706,0.1497687297264755,8.843450327673116e-06,7.283854792026298e-06,1.443825286122847e-05,0.06721347831794147,0.045018664912335346,10.529923258971419,8.80692292844718,20.926278529527806,0.026324808147428543
paper20k_indirect_voltage_500V,indirect_voltage_500V,voltage_sweep,indirect,8 (mixed),3x50,silu,2048,20260728,True,5758,4100.457638502121,1.1390160106950336,20000,0,0.11037359728367944,6.355170280118679e-08,5.0907556403980756e-08,1.5421900032585404e-07,0.019326349599104932,0.15349068779716984,1.1328436080080689e-05,9.310018994239528e-06,1.8693879651138733e-05,0.06888347331225936,0.04497531619846518,13.149729753865818,10.994957576723836,26.157831332914128,0.026299459507731635
